plan_id,teacher_id,created_date,subject,grade_level,personalization_tags,shared
P0001,U001,2024-03-08,Spanish,1,"auditory,ell",False
P0002,U001,2024-10-23,ELA,6,"ell,dyslexia,iep",False
P0003,U001,2024-07-18,Spanish,7,"auditory,kinesthetic,dyslexia",False
P0004,U001,2024-08-14,Science,4,kinesthetic,True
P0005,U001,2024-10-25,Music,5,"visual_learner,gifted,ell",True
P0006,U001,2024-06-18,Art,5,"iep,kinesthetic",False
P0007,U001,2024-07-21,Math,8,"gifted,visual_learner,adhd",False
P0008,U001,2024-11-07,History,11,"kinesthetic,dyslexia,auditory",False
P0009,U001,2024-03-10,Art,3,auditory,False
P0010,U001,2024-08-05,PE,7,"dyslexia,gifted,kinesthetic",False
P0011,U001,2024-08-29,Spanish,4,"iep,ell,adhd",True
P0012,U002,2024-08-15,ELA,3,gifted,False
P0013,U002,2024-07-26,Art,1,"gifted,ell,adhd",False
P0014,U002,2024-08-08,ELA,4,visual_learner,False
P0015,U002,2024-12-15,ELA,10,"kinesthetic,visual_learner",False
P0016,U002,2024-12-25,Spanish,7,"kinesthetic,ell",True
P0017,U002,2024-04-02,Spanish,1,"adhd,gifted",False
P0018,U002,2024-12-27,Math,2,"ell,auditory,iep",False
P0019,U003,2024-05-26,Music,9,gifted,False
P0020,U003,2024-08-01,Spanish,4,"auditory,ell",False
P0021,U003,2024-02-19,Science,12,"gifted,dyslexia,adhd",True
P0022,U004,2025-01-12,ELA,8,adhd,True
P0023,U004,2025-05-21,Spanish,4,"visual_learner,adhd",True
P0024,U004,2025-03-17,Spanish,1,"gifted,ell,dyslexia",False
P0025,U005,2025-04-03,History,10,ell,False
P0026,U005,2024-11-09,Math,2,iep,False
P0027,U005,2025-06-16,Spanish,1,"kinesthetic,dyslexia",True
P0028,U005,2025-03-23,Spanish,7,"adhd,iep",True
P0029,U005,2025-04-07,PE,9,"iep,visual_learner,auditory",True
P0030,U005,2025-06-19,Math,12,"iep,kinesthetic,visual_learner",False
P0031,U005,2024-11-26,Spanish,4,"ell,iep",False
P0032,U006,2024-05-12,PE,6,"dyslexia,ell",False
P0033,U006,2024-06-17,Music,11,"kinesthetic,ell",False
P0034,U006,2024-10-18,Math,7,"adhd,ell,auditory",True
P0035,U006,2024-10-19,Math,10,"kinesthetic,gifted,visual_learner",True
P0036,U006,2024-09-28,Spanish,10,"kinesthetic,auditory,visual_learner",True
P0037,U006,2025-01-02,Art,7,kinesthetic,True
P0038,U006,2024-07-27,ELA,4,"visual_learner,iep,gifted",True
P0039,U006,2024-05-24,Science,10,"ell,gifted",False
P0040,U006,2024-08-23,Art,6,"kinesthetic,gifted,adhd",False
P0041,U006,2024-06-09,History,9,"ell,auditory",True
P0042,U006,2024-10-25,Art,K,"iep,dyslexia",True
P0043,U006,2025-01-21,Spanish,2,"kinesthetic,iep,gifted",True
P0044,U006,2025-01-03,Music,7,"dyslexia,auditory,adhd",False
P0045,U006,2024-07-27,Music,3,"auditory,visual_learner,ell",False
P0046,U006,2024-10-08,ELA,7,"visual_learner,adhd",False
P0047,U006,2024-09-12,Spanish,1,kinesthetic,True
P0048,U007,2025-08-23,ELA,1,"kinesthetic,auditory,ell",True
P0049,U007,2025-08-17,Science,5,"auditory,ell,dyslexia",False
P0050,U007,2025-10-02,Math,9,"adhd,kinesthetic,dyslexia",False
P0051,U007,2025-06-22,Science,6,adhd,False
P0052,U007,2025-03-18,ELA,11,"iep,visual_learner",True
P0053,U008,2024-12-04,PE,6,"ell,adhd",False
P0054,U008,2025-04-22,ELA,2,"ell,visual_learner,iep",False
P0055,U010,2025-04-02,ELA,3,"kinesthetic,dyslexia",True
P0056,U010,2025-04-09,Math,12,"kinesthetic,ell,dyslexia",False
P0057,U010,2025-01-06,PE,9,"iep,dyslexia",False
P0058,U010,2025-04-07,Art,3,"auditory,kinesthetic",False
P0059,U010,2025-03-31,PE,9,"iep,dyslexia",True
P0060,U010,2025-06-20,Math,9,"visual_learner,iep",False
P0061,U010,2025-04-25,PE,3,gifted,False
P0062,U010,2025-02-08,Science,10,"visual_learner,ell,gifted",True
P0063,U010,2025-06-04,ELA,1,"iep,ell,dyslexia",False
P0064,U010,2025-03-12,PE,8,iep,False
P0065,U010,2025-04-10,Art,11,"dyslexia,auditory",True
P0066,U010,2025-01-07,History,10,auditory,False
P0067,U010,2025-09-11,Science,12,"auditory,visual_learner",True
P0068,U010,2025-02-01,PE,10,"iep,kinesthetic",False
P0069,U010,2025-06-08,History,7,visual_learner,False
P0070,U010,2025-09-13,History,10,"adhd,dyslexia",False
P0071,U010,2025-05-03,Music,1,"ell,visual_learner,auditory",True
P0072,U010,2025-08-09,Science,3,ell,False
P0073,U010,2025-06-07,Music,9,"ell,gifted,dyslexia",True
P0074,U010,2025-08-07,Music,4,"visual_learner,dyslexia,ell",True
P0075,U011,2024-06-07,Science,10,"dyslexia,iep",False
P0076,U011,2024-08-09,Music,4,gifted,False
P0077,U011,2024-09-27,History,10,visual_learner,True
P0078,U011,2024-07-27,ELA,12,gifted,True
P0079,U011,2024-11-17,History,3,dyslexia,False
P0080,U011,2024-02-09,ELA,2,"iep,auditory",True
P0081,U011,2024-02-21,Math,5,gifted,False
P0082,U011,2024-02-16,Art,K,ell,False
P0083,U011,2024-11-03,Science,7,kinesthetic,False
P0084,U011,2024-10-27,Science,7,"gifted,iep,visual_learner",False
P0085,U011,2024-10-31,Spanish,10,"visual_learner,kinesthetic",False
P0086,U011,2024-08-31,Science,7,"kinesthetic,visual_learner",False
P0087,U011,2024-07-21,ELA,1,"ell,kinesthetic,iep",False
P0088,U011,2024-11-14,PE,6,"iep,gifted,kinesthetic",False
P0089,U011,2024-03-29,Science,10,"gifted,kinesthetic,auditory",False
P0090,U013,2024-12-30,Music,6,"adhd,ell",False
P0091,U013,2024-11-17,ELA,10,"kinesthetic,visual_learner",True
P0092,U013,2024-08-22,Music,1,dyslexia,False
P0093,U013,2025-04-20,PE,10,adhd,False
P0094,U013,2025-02-11,Math,4,"iep,ell,visual_learner",False
P0095,U013,2024-10-26,Spanish,3,adhd,False
P0096,U013,2025-04-20,Science,12,"iep,kinesthetic",True
P0097,U013,2025-02-14,Math,9,"iep,visual_learner,adhd",True
P0098,U013,2024-12-15,PE,K,"ell,auditory",True
P0099,U013,2025-01-31,ELA,11,visual_learner,True
P0100,U013,2025-04-07,Music,6,kinesthetic,True
P0101,U013,2025-01-15,PE,12,"adhd,visual_learner",True
P0102,U013,2024-08-04,Science,4,"kinesthetic,dyslexia,gifted",False
P0103,U013,2025-02-21,Art,3,"adhd,ell",False
P0104,U014,2025-08-30,Art,K,"gifted,kinesthetic,iep",True
P0105,U014,2025-04-07,History,12,"ell,auditory",True
P0106,U014,2025-06-09,Math,7,auditory,True
P0107,U014,2025-07-06,History,8,"dyslexia,visual_learner,gifted",False
P0108,U014,2025-01-14,Math,7,"adhd,auditory",True
P0109,U014,2025-07-31,Music,11,"auditory,ell,visual_learner",False
P0110,U014,2025-06-08,Spanish,11,dyslexia,True
P0111,U014,2025-02-16,Music,9,auditory,False
P0112,U014,2025-07-14,PE,3,"dyslexia,auditory",True
P0113,U014,2025-09-11,Science,8,"gifted,auditory,ell",False
P0114,U015,2024-07-26,ELA,4,gifted,True
P0115,U015,2024-06-14,Science,2,"kinesthetic,gifted,iep",False
P0116,U015,2024-11-12,PE,10,"dyslexia,adhd,gifted",True
P0117,U015,2024-11-09,Art,12,"iep,kinesthetic,visual_learner",False
P0118,U015,2024-05-04,Spanish,7,"visual_learner,kinesthetic",False
P0119,U016,2024-11-25,Science,9,"auditory,gifted,iep",False
P0120,U016,2024-11-07,History,5,"kinesthetic,iep",True
P0121,U016,2024-11-17,Science,12,"dyslexia,kinesthetic",True
P0122,U016,2025-01-13,History,11,kinesthetic,False
P0123,U016,2025-07-12,ELA,5,"dyslexia,ell,gifted",False
P0124,U016,2025-04-08,Math,12,"dyslexia,visual_learner,ell",True
P0125,U016,2025-05-02,Art,11,"ell,kinesthetic",True
P0126,U016,2024-12-28,Art,10,"auditory,adhd",False
P0127,U016,2024-11-29,Music,10,"dyslexia,auditory",True
P0128,U016,2025-07-13,Music,8,dyslexia,True
P0129,U018,2024-05-14,PE,12,kinesthetic,True
P0130,U018,2024-04-22,Science,4,adhd,False
P0131,U018,2024-11-14,Math,10,"dyslexia,auditory,iep",True
P0132,U018,2024-08-22,ELA,2,ell,False
P0133,U018,2024-03-05,PE,10,"gifted,kinesthetic",False
P0134,U018,2024-09-28,History,4,kinesthetic,False
P0135,U018,2024-05-21,Spanish,7,"iep,auditory",False
P0136,U018,2024-11-08,ELA,3,"ell,auditory",True
P0137,U018,2024-10-15,Science,11,"adhd,ell",True
P0138,U018,2024-05-04,Spanish,8,"ell,auditory",False
P0139,U019,2025-08-02,Math,6,"visual_learner,gifted",False
P0140,U019,2025-04-14,Science,5,"gifted,visual_learner",True
P0141,U019,2025-02-03,PE,12,"ell,adhd,visual_learner",True
P0142,U019,2025-08-13,ELA,12,"kinesthetic,gifted,iep",True
P0143,U019,2025-01-24,Art,3,ell,False
P0144,U019,2025-09-11,Science,12,"iep,adhd",True
P0145,U019,2025-01-08,Music,10,kinesthetic,True
P0146,U019,2025-08-27,Math,10,"gifted,dyslexia,adhd",True
P0147,U020,2024-11-22,Music,2,adhd,False
P0148,U021,2024-12-08,Math,6,"kinesthetic,visual_learner,dyslexia",False
P0149,U021,2025-05-14,Math,5,"adhd,ell",True
P0150,U021,2024-12-27,PE,2,"visual_learner,ell,iep",True
P0151,U021,2025-02-01,Spanish,11,"kinesthetic,dyslexia,adhd",False
P0152,U021,2024-12-06,Spanish,K,"iep,adhd,visual_learner",False
P0153,U021,2024-11-25,Art,8,"auditory,kinesthetic",False
P0154,U021,2025-03-13,History,4,dyslexia,False
P0155,U021,2024-11-28,PE,4,"adhd,auditory,ell",False
P0156,U021,2025-05-27,Spanish,6,"dyslexia,adhd,gifted",False
P0157,U021,2025-05-11,Art,12,"adhd,dyslexia,gifted",True
P0158,U021,2025-02-04,Art,5,"adhd,visual_learner,ell",False
P0159,U021,2025-04-09,Music,2,"kinesthetic,ell",False
P0160,U022,2025-05-09,Math,1,"auditory,ell",False
P0161,U022,2024-12-19,ELA,9,kinesthetic,True
P0162,U022,2024-11-02,PE,5,auditory,False
P0163,U022,2024-10-15,ELA,10,"kinesthetic,ell,auditory",False
P0164,U022,2024-11-07,ELA,8,"dyslexia,gifted,ell",False
P0165,U022,2025-02-03,Math,11,ell,False
P0166,U022,2025-04-15,Science,4,"iep,dyslexia,gifted",True
P0167,U022,2025-02-22,Spanish,3,"adhd,kinesthetic,visual_learner",False
P0168,U022,2025-05-14,PE,10,dyslexia,False
P0169,U022,2025-07-07,Art,4,"ell,dyslexia,auditory",False
P0170,U022,2024-12-27,History,1,"gifted,auditory",True
P0171,U022,2025-06-08,PE,8,dyslexia,False
P0172,U023,2025-02-01,Science,1,"iep,gifted,dyslexia",False
P0173,U023,2025-08-23,Music,9,"adhd,kinesthetic",False
P0174,U023,2025-01-03,Spanish,10,"dyslexia,adhd",False
P0175,U023,2025-09-05,ELA,12,"ell,gifted,iep",False
P0176,U023,2024-12-25,ELA,4,ell,True
P0177,U023,2025-03-22,Art,1,"iep,adhd",False
P0178,U023,2025-09-05,ELA,10,"iep,kinesthetic",False
P0179,U023,2025-08-11,ELA,9,"ell,adhd,dyslexia",False
P0180,U023,2025-05-18,Math,K,"adhd,visual_learner,dyslexia",False
P0181,U023,2025-04-11,History,12,"auditory,iep,dyslexia",True
P0182,U023,2025-09-02,Art,7,"gifted,auditory",False
P0183,U023,2025-06-22,Spanish,1,"visual_learner,adhd",False
P0184,U023,2025-08-01,History,5,"ell,kinesthetic",False
P0185,U023,2025-05-09,PE,6,"ell,auditory,kinesthetic",False
P0186,U023,2025-01-20,History,7,"adhd,ell",False
P0187,U023,2025-02-07,Math,4,auditory,False
P0188,U023,2025-06-29,ELA,5,dyslexia,True
P0189,U023,2025-02-16,Spanish,7,"iep,gifted",True
P0190,U024,2025-04-05,History,3,"dyslexia,visual_learner",True
P0191,U024,2025-03-31,Spanish,4,"visual_learner,auditory,kinesthetic",False
P0192,U024,2024-12-03,PE,12,"auditory,ell,visual_learner",False
P0193,U024,2025-05-08,History,5,"iep,visual_learner,gifted",False
P0194,U024,2025-04-28,Science,2,"adhd,gifted",False
P0195,U024,2025-01-10,PE,12,"ell,adhd,iep",False
P0196,U024,2025-04-03,Math,K,ell,False
P0197,U024,2025-03-20,Spanish,2,"ell,kinesthetic,iep",True
P0198,U024,2025-02-07,Art,9,"dyslexia,iep,auditory",False
P0199,U024,2025-05-05,Spanish,K,"dyslexia,ell",False
P0200,U024,2025-02-19,Art,12,"visual_learner,iep,gifted",True
P0201,U024,2025-05-13,History,11,"visual_learner,iep,gifted",True
P0202,U024,2025-01-31,History,K,adhd,True
P0203,U025,2024-06-15,ELA,6,"gifted,kinesthetic",False
P0204,U025,2024-09-04,Math,11,"ell,iep,adhd",False
P0205,U025,2024-09-07,Music,5,"ell,gifted,iep",True
P0206,U025,2024-07-06,Art,9,"kinesthetic,adhd,auditory",True
P0207,U025,2024-06-07,Art,12,iep,False
P0208,U025,2024-09-13,Spanish,5,"iep,ell",True
P0209,U025,2024-10-11,Music,5,"ell,kinesthetic",True
P0210,U025,2024-02-16,Spanish,10,"iep,dyslexia",False
P0211,U025,2024-04-19,Art,8,"iep,adhd,visual_learner",False
P0212,U025,2024-11-02,History,K,gifted,False
P0213,U025,2024-02-02,Music,5,kinesthetic,True
P0214,U025,2024-03-17,ELA,6,kinesthetic,False
P0215,U025,2024-04-18,PE,4,"visual_learner,auditory",True
P0216,U025,2024-10-26,Math,2,auditory,False
P0217,U025,2024-04-06,Music,12,kinesthetic,True
P0218,U027,2024-04-20,Art,9,adhd,False
P0219,U027,2024-09-19,Spanish,10,"kinesthetic,adhd",False
P0220,U027,2024-11-26,History,12,"adhd,ell",True
P0221,U027,2024-11-21,Art,11,"ell,visual_learner,dyslexia",True
P0222,U027,2024-08-30,History,2,"auditory,kinesthetic,gifted",False
P0223,U027,2024-05-15,Science,2,"ell,gifted",True
P0224,U027,2024-08-06,Art,6,gifted,False
P0225,U027,2024-08-15,Art,9,"visual_learner,ell",False
P0226,U027,2024-07-30,Science,7,iep,True
P0227,U027,2024-12-14,Art,11,"adhd,dyslexia,ell",False
P0228,U028,2025-05-31,Spanish,2,kinesthetic,False
P0229,U028,2025-08-18,Spanish,12,"gifted,auditory",True
P0230,U028,2025-03-21,Spanish,8,"dyslexia,visual_learner,iep",True
P0231,U028,2025-11-15,History,9,"ell,adhd,kinesthetic",False
P0232,U028,2025-09-22,History,11,kinesthetic,True
P0233,U028,2025-10-27,Math,7,"ell,iep",False
P0234,U028,2025-11-23,Spanish,10,iep,False
P0235,U028,2025-08-29,Math,11,"gifted,iep",True
P0236,U029,2025-05-21,Science,8,"visual_learner,kinesthetic,gifted",True
P0237,U029,2025-06-23,ELA,12,auditory,False
P0238,U029,2025-06-09,Music,6,"adhd,dyslexia",False
P0239,U029,2025-08-29,PE,1,ell,False
P0240,U029,2025-06-15,ELA,11,"gifted,auditory,visual_learner",False
P0241,U029,2025-04-27,Music,8,"auditory,kinesthetic",True
P0242,U029,2025-07-19,ELA,4,"gifted,dyslexia",False
P0243,U029,2024-12-12,Music,9,"visual_learner,adhd,auditory",True
P0244,U029,2024-12-13,Math,3,"visual_learner,gifted",False
P0245,U029,2025-08-29,Math,2,iep,True
P0246,U029,2025-09-16,PE,3,"iep,adhd",False
P0247,U029,2025-08-19,Music,4,iep,True
P0248,U029,2025-02-23,Music,8,"kinesthetic,visual_learner,ell",False
P0249,U029,2025-06-09,PE,11,"auditory,gifted,adhd",True
P0250,U031,2025-08-04,History,3,"iep,auditory",False
P0251,U031,2025-06-27,Music,6,ell,False
P0252,U031,2025-03-12,PE,10,adhd,False
P0253,U031,2025-05-10,History,K,iep,False
P0254,U031,2024-11-22,History,12,gifted,False
P0255,U031,2025-04-21,Math,3,"gifted,dyslexia",True
P0256,U032,2025-06-21,History,6,"gifted,iep,ell",False
P0257,U032,2025-08-30,PE,4,"iep,ell",False
P0258,U032,2025-10-29,Science,12,"kinesthetic,auditory",False
P0259,U032,2025-06-01,PE,6,"visual_learner,iep",False
P0260,U032,2025-05-02,Art,8,auditory,True
P0261,U032,2025-05-28,History,6,"gifted,kinesthetic",False
P0262,U032,2025-08-08,Spanish,11,"kinesthetic,gifted",True
P0263,U032,2025-08-16,ELA,11,kinesthetic,True
P0264,U032,2025-11-21,Math,8,"visual_learner,auditory,kinesthetic",False
P0265,U032,2025-03-13,Music,2,gifted,True
P0266,U032,2025-05-05,History,8,kinesthetic,False
P0267,U032,2025-10-22,Spanish,K,"visual_learner,iep,auditory",False
P0268,U032,2025-02-25,Art,8,"iep,visual_learner,kinesthetic",False
P0269,U032,2025-09-25,Science,1,ell,True
P0270,U032,2025-11-13,PE,4,"auditory,visual_learner",False
P0271,U032,2025-09-12,History,11,"gifted,ell",False
P0272,U033,2024-03-04,Music,6,auditory,False
P0273,U033,2024-03-16,Math,11,"ell,visual_learner,gifted",False
P0274,U033,2024-08-04,Science,8,"visual_learner,adhd,auditory",False
P0275,U035,2025-06-16,Math,1,"iep,kinesthetic",False
P0276,U035,2024-11-01,PE,K,gifted,False
P0277,U035,2025-05-07,Art,2,gifted,False
P0278,U035,2025-05-03,PE,6,"ell,auditory,dyslexia",False
P0279,U035,2025-06-29,PE,K,"adhd,gifted,kinesthetic",False
P0280,U035,2025-04-08,Music,12,"dyslexia,visual_learner,kinesthetic",True
P0281,U035,2025-06-03,History,5,"auditory,gifted",True
P0282,U035,2025-08-11,Music,1,"iep,auditory,adhd",False
P0283,U035,2024-11-27,ELA,6,"ell,dyslexia",False
P0284,U035,2025-04-18,Science,K,iep,False
P0285,U035,2025-03-03,ELA,1,ell,False
P0286,U035,2025-07-28,Music,1,"visual_learner,kinesthetic,ell",False
P0287,U035,2025-03-31,Math,4,"auditory,gifted",False
P0288,U035,2025-07-29,ELA,10,auditory,True
P0289,U035,2025-03-02,Art,7,"ell,visual_learner",True
P0290,U035,2025-03-06,Art,7,"adhd,ell",True
P0291,U035,2025-02-19,Spanish,9,"gifted,kinesthetic,visual_learner",True
P0292,U035,2024-10-19,PE,9,"auditory,kinesthetic",False
P0293,U035,2025-05-29,Music,10,"ell,kinesthetic",True
P0294,U037,2025-09-12,ELA,6,"dyslexia,ell",False
P0295,U037,2025-09-18,History,5,"auditory,ell,gifted",False
P0296,U037,2025-10-25,ELA,10,visual_learner,False
P0297,U037,2025-09-03,History,7,"iep,auditory,dyslexia",True
P0298,U037,2025-08-07,Spanish,2,"iep,adhd,ell",False
P0299,U037,2025-08-14,Science,7,"kinesthetic,iep",False
P0300,U037,2025-09-26,Music,8,"visual_learner,auditory,ell",False
P0301,U038,2024-11-06,History,10,dyslexia,True
P0302,U038,2024-10-16,Music,12,"dyslexia,auditory,gifted",True
P0303,U038,2024-11-13,History,8,"gifted,kinesthetic",False
P0304,U038,2025-05-19,ELA,5,"visual_learner,gifted,kinesthetic",True
P0305,U038,2024-11-06,ELA,5,iep,True
P0306,U038,2025-01-07,Spanish,5,"kinesthetic,visual_learner,gifted",False
P0307,U038,2025-05-13,Science,4,"visual_learner,auditory",False
P0308,U038,2024-10-05,Science,10,"ell,dyslexia",True
P0309,U038,2024-12-22,ELA,5,"auditory,gifted,adhd",False
P0310,U038,2024-12-27,Music,6,visual_learner,False
P0311,U038,2025-01-03,Music,6,"visual_learner,dyslexia",True
P0312,U038,2025-02-13,Science,9,"adhd,auditory,iep",True
P0313,U038,2025-03-09,Spanish,1,iep,False
P0314,U038,2025-06-01,PE,9,"auditory,iep,gifted",False
P0315,U038,2025-03-21,Spanish,9,"ell,auditory",False
P0316,U038,2025-02-23,Science,10,"ell,kinesthetic,visual_learner",True
P0317,U038,2024-11-22,PE,11,ell,False
P0318,U038,2025-04-26,ELA,9,"auditory,gifted,adhd",False
P0319,U039,2025-02-02,ELA,7,"iep,adhd,auditory",True
P0320,U039,2025-06-24,Math,5,"visual_learner,gifted,adhd",True
P0321,U039,2025-05-21,Spanish,6,"kinesthetic,gifted,dyslexia",False
P0322,U039,2025-07-14,Science,9,visual_learner,False
P0323,U039,2025-02-26,Math,4,"gifted,iep",True
P0324,U039,2025-06-28,Spanish,8,"adhd,iep,visual_learner",True
P0325,U039,2025-08-11,Math,12,"kinesthetic,iep",True
P0326,U039,2025-06-11,History,4,visual_learner,False
P0327,U039,2025-05-03,Spanish,1,gifted,True
P0328,U039,2025-05-04,Music,2,"ell,auditory,adhd",False
P0329,U039,2024-12-06,PE,8,"iep,kinesthetic,auditory",True
P0330,U039,2025-04-04,Art,8,"adhd,kinesthetic",False
P0331,U039,2025-06-04,Art,10,ell,False
P0332,U039,2025-01-12,ELA,11,dyslexia,False
P0333,U039,2025-05-26,ELA,9,"iep,dyslexia",False
P0334,U039,2025-06-25,Science,6,iep,False
P0335,U039,2025-05-13,Spanish,5,"visual_learner,auditory",False
P0336,U039,2024-12-23,Spanish,10,"dyslexia,auditory,visual_learner",False
P0337,U040,2024-06-04,History,7,"iep,ell",False
P0338,U040,2024-08-04,ELA,9,"kinesthetic,auditory,ell",False
P0339,U040,2024-03-09,Science,10,kinesthetic,True
P0340,U040,2024-05-04,Spanish,K,"auditory,adhd",False
P0341,U040,2024-04-21,Art,2,"iep,visual_learner,dyslexia",False
P0342,U040,2024-03-27,ELA,K,"auditory,dyslexia",True
P0343,U040,2024-06-12,Science,11,"adhd,visual_learner",True
P0344,U040,2024-03-24,History,8,kinesthetic,True
P0345,U040,2024-08-07,Music,11,ell,False
P0346,U040,2024-06-10,Science,11,"adhd,visual_learner",True
P0347,U040,2024-07-16,Music,12,ell,False
P0348,U040,2024-04-27,Math,9,ell,False
P0349,U040,2024-06-02,ELA,6,"kinesthetic,auditory,adhd",True
P0350,U041,2024-12-10,Music,5,auditory,True
P0351,U041,2024-12-10,Art,10,adhd,True
P0352,U041,2025-02-22,Math,10,"iep,adhd,kinesthetic",False
P0353,U041,2025-01-04,Music,4,"visual_learner,auditory,adhd",False
P0354,U043,2025-06-14,Science,8,"visual_learner,ell",False
P0355,U043,2025-04-19,Music,5,"ell,auditory",False
P0356,U043,2025-03-20,Science,K,iep,True
P0357,U043,2025-03-13,Art,10,"auditory,gifted",False
P0358,U044,2025-05-15,ELA,4,"adhd,ell,visual_learner",False
P0359,U044,2024-11-26,PE,6,adhd,True
P0360,U044,2025-03-25,History,K,"gifted,visual_learner,kinesthetic",True
P0361,U045,2025-01-17,ELA,1,"visual_learner,dyslexia",True
P0362,U045,2024-12-25,Spanish,5,iep,True
P0363,U045,2025-02-22,Art,11,"adhd,auditory,visual_learner",True
P0364,U045,2025-07-27,Science,4,"adhd,gifted",False
P0365,U045,2025-06-22,Spanish,9,ell,False
P0366,U045,2025-04-29,Science,3,visual_learner,True
P0367,U045,2024-12-26,Math,7,dyslexia,False
P0368,U045,2025-03-06,Math,8,auditory,True
P0369,U045,2025-04-26,PE,4,"adhd,iep",False
P0370,U045,2025-09-03,Math,2,"gifted,auditory,iep",False
P0371,U045,2025-07-13,Spanish,4,iep,True
P0372,U045,2025-09-29,Math,5,"gifted,ell",False
P0373,U045,2025-05-24,History,7,"dyslexia,iep,gifted",False
P0374,U045,2025-03-30,History,2,"visual_learner,gifted,kinesthetic",True
P0375,U045,2025-06-15,Math,5,"visual_learner,auditory,dyslexia",False
P0376,U045,2025-05-26,History,8,gifted,False
P0377,U045,2025-01-19,Art,1,visual_learner,False
P0378,U045,2025-09-12,PE,7,"adhd,iep",True
P0379,U045,2025-02-26,Music,1,"visual_learner,gifted,dyslexia",False
P0380,U045,2025-04-20,Art,5,"auditory,dyslexia",False
P0381,U047,2025-03-18,Art,3,"adhd,kinesthetic",True
P0382,U047,2025-08-02,ELA,1,ell,False
P0383,U047,2025-03-16,Science,8,"dyslexia,auditory",True
P0384,U047,2025-03-13,Art,1,"adhd,kinesthetic",False
P0385,U047,2025-03-11,Math,3,"dyslexia,adhd,visual_learner",False
P0386,U047,2025-04-07,Math,10,"iep,ell",False
P0387,U047,2025-01-04,Music,7,gifted,True
P0388,U047,2024-11-28,Science,K,visual_learner,False
P0389,U047,2025-01-28,History,6,dyslexia,False
P0390,U047,2024-11-19,Art,1,"visual_learner,kinesthetic,adhd",False
P0391,U047,2025-05-22,Science,12,dyslexia,True
P0392,U048,2024-03-17,Music,11,auditory,False
P0393,U048,2024-09-03,Music,2,"dyslexia,adhd,auditory",True
P0394,U048,2024-10-06,Math,9,gifted,False
P0395,U048,2024-11-02,Spanish,K,"adhd,ell",False
P0396,U048,2024-09-22,History,10,visual_learner,False
P0397,U048,2024-08-22,Spanish,5,"dyslexia,gifted",True
P0398,U048,2024-03-05,History,K,"iep,visual_learner",False
P0399,U048,2024-10-19,PE,12,"gifted,adhd,visual_learner",True
P0400,U048,2024-06-23,Math,12,"gifted,iep",False
P0401,U048,2024-09-06,ELA,2,"gifted,iep",True
P0402,U048,2024-08-22,Math,11,"dyslexia,iep,auditory",True
P0403,U048,2024-05-27,Art,2,"kinesthetic,visual_learner",True
P0404,U048,2024-06-19,History,K,"kinesthetic,visual_learner,ell",False
P0405,U048,2024-06-03,PE,11,ell,False
P0406,U048,2024-08-04,Math,2,ell,False
P0407,U053,2025-03-05,PE,11,auditory,False
P0408,U053,2025-02-19,PE,2,"ell,dyslexia",False
P0409,U053,2025-05-07,PE,2,"dyslexia,adhd,kinesthetic",False
P0410,U053,2024-11-28,Art,11,"iep,adhd",True
P0411,U053,2024-08-31,Music,12,"visual_learner,adhd,iep",True
P0412,U053,2024-12-22,Science,7,"ell,kinesthetic,dyslexia",True
P0413,U053,2025-02-24,ELA,10,"adhd,auditory",False
P0414,U053,2025-02-18,Math,4,"gifted,adhd",False
P0415,U053,2025-02-26,Science,11,"visual_learner,kinesthetic",False
P0416,U053,2025-04-02,Music,7,auditory,False
P0417,U053,2025-03-11,Spanish,12,gifted,True
P0418,U053,2024-10-07,Art,K,dyslexia,True
P0419,U053,2024-10-23,PE,2,auditory,True
P0420,U053,2024-10-08,Science,5,"kinesthetic,dyslexia,visual_learner",False
P0421,U053,2024-11-23,Music,2,"visual_learner,kinesthetic,ell",True
P0422,U053,2024-12-06,Art,10,"iep,ell",True
P0423,U053,2024-09-25,Spanish,2,"visual_learner,ell",True
P0424,U054,2025-05-05,Spanish,3,"adhd,visual_learner,kinesthetic",True
P0425,U054,2025-05-04,Spanish,1,iep,False
P0426,U054,2025-08-04,Art,1,"auditory,adhd",False
P0427,U055,2024-08-14,Spanish,K,iep,False
P0428,U055,2024-06-20,Art,9,visual_learner,True
P0429,U055,2024-03-27,PE,12,auditory,False
P0430,U055,2024-06-02,Math,6,"auditory,iep,dyslexia",False
P0431,U055,2024-10-07,History,7,"iep,visual_learner,gifted",False
P0432,U055,2024-02-24,ELA,1,"kinesthetic,adhd,auditory",False
P0433,U055,2024-05-15,Math,6,adhd,False
P0434,U055,2024-09-16,ELA,9,iep,True
P0435,U055,2024-03-12,Music,8,auditory,False
P0436,U055,2024-06-27,Spanish,K,"auditory,visual_learner,gifted",True
P0437,U055,2024-11-23,Science,1,"adhd,auditory,ell",False
P0438,U055,2024-08-01,Art,6,"kinesthetic,iep",False
P0439,U055,2024-02-26,Art,6,ell,False
P0440,U056,2024-02-22,PE,11,"gifted,visual_learner",False
P0441,U056,2024-06-19,Math,5,"iep,ell",True
P0442,U056,2024-10-11,Science,3,"ell,kinesthetic,dyslexia",False
P0443,U056,2024-07-16,Music,9,"adhd,kinesthetic",False
P0444,U056,2024-08-29,Spanish,12,"dyslexia,auditory,visual_learner",False
P0445,U056,2024-04-24,Art,11,auditory,True
P0446,U056,2024-10-28,Math,2,"gifted,auditory,adhd",False
P0447,U056,2024-06-09,Spanish,K,dyslexia,False
P0448,U056,2024-06-22,Spanish,8,"auditory,dyslexia",False
P0449,U056,2024-02-18,PE,7,kinesthetic,True
P0450,U056,2024-10-02,PE,5,"ell,auditory,kinesthetic",False
P0451,U056,2024-03-20,Math,6,"visual_learner,adhd",False
P0452,U056,2024-05-22,History,10,gifted,True
P0453,U058,2025-08-02,Math,7,ell,False
P0454,U058,2024-11-17,Art,9,iep,False
P0455,U058,2025-04-02,Music,5,"kinesthetic,ell",True
P0456,U058,2025-04-16,Music,9,"adhd,visual_learner,iep",False
P0457,U058,2025-05-23,Art,4,"adhd,gifted,visual_learner",True
P0458,U058,2025-04-03,PE,4,"iep,dyslexia,auditory",False
P0459,U058,2025-04-14,ELA,8,gifted,False
P0460,U058,2025-06-07,PE,10,"ell,dyslexia,visual_learner",False
P0461,U058,2025-04-13,Music,6,"auditory,dyslexia",True
P0462,U058,2025-09-01,PE,11,gifted,False
P0463,U058,2025-07-14,PE,8,"iep,auditory,adhd",False
P0464,U058,2025-08-25,Art,1,kinesthetic,True
P0465,U058,2025-03-25,ELA,10,"dyslexia,kinesthetic,visual_learner",True
P0466,U058,2025-03-07,Art,6,"dyslexia,ell,auditory",False
P0467,U059,2024-12-26,Math,10,"adhd,gifted",False
P0468,U059,2025-07-10,Music,8,iep,False
P0469,U059,2025-01-12,History,5,auditory,False
P0470,U059,2025-06-18,PE,11,ell,False
P0471,U059,2025-07-03,ELA,5,"visual_learner,kinesthetic",False
P0472,U059,2025-02-11,ELA,7,adhd,True
P0473,U059,2025-06-06,Music,6,"auditory,gifted,kinesthetic",True
P0474,U059,2025-07-27,PE,K,dyslexia,False
P0475,U059,2025-07-25,Math,10,visual_learner,False
P0476,U059,2025-03-03,PE,4,ell,True
P0477,U059,2025-07-11,Art,2,"adhd,auditory,visual_learner",True
P0478,U059,2025-03-24,PE,6,"ell,kinesthetic",False
P0479,U059,2025-07-04,History,2,"auditory,visual_learner",True
P0480,U059,2025-01-02,Math,9,ell,True
P0481,U059,2024-11-15,Art,12,"visual_learner,iep",False
P0482,U060,2024-12-20,Science,6,kinesthetic,False
P0483,U060,2025-09-16,Spanish,11,"ell,adhd",False
P0484,U060,2024-12-14,Music,10,"adhd,dyslexia",False
P0485,U060,2025-02-18,Science,8,"adhd,ell",True
P0486,U061,2025-08-22,History,12,iep,False
P0487,U061,2025-03-24,Music,4,"ell,visual_learner",False
P0488,U061,2025-03-27,Spanish,5,"gifted,visual_learner,auditory",False
P0489,U061,2025-02-05,Spanish,2,"adhd,auditory,iep",True
P0490,U062,2025-04-11,History,7,"iep,ell,gifted",True
P0491,U062,2025-02-28,Art,5,dyslexia,False
P0492,U062,2025-01-29,Math,K,ell,False
P0493,U062,2025-02-26,PE,7,"iep,dyslexia",True
P0494,U063,2024-04-16,Music,6,kinesthetic,True
P0495,U063,2024-07-29,Spanish,12,"auditory,dyslexia,adhd",True
P0496,U063,2024-02-13,Science,6,kinesthetic,False
P0497,U063,2024-08-25,Music,12,dyslexia,False
P0498,U063,2024-03-20,Spanish,1,"auditory,gifted",True
P0499,U063,2024-05-26,PE,K,"gifted,dyslexia,ell",False
P0500,U063,2024-03-02,History,7,"dyslexia,kinesthetic",False
P0501,U063,2024-07-29,Math,K,ell,False
P0502,U063,2024-09-10,ELA,1,"kinesthetic,ell",True
P0503,U063,2024-06-04,History,8,auditory,False
P0504,U063,2024-05-13,Spanish,7,kinesthetic,True
P0505,U064,2024-12-05,Science,7,"visual_learner,kinesthetic",False
P0506,U064,2024-05-09,Math,1,"iep,kinesthetic,auditory",True
P0507,U064,2024-12-10,PE,K,"gifted,auditory",False
P0508,U064,2025-02-01,Spanish,11,"dyslexia,kinesthetic,gifted",True
P0509,U064,2024-08-12,PE,5,iep,False
P0510,U064,2024-10-29,Science,K,"ell,gifted,adhd",False
P0511,U064,2024-11-16,Art,9,gifted,True
P0512,U064,2024-11-08,Spanish,12,gifted,False
P0513,U064,2024-06-15,Math,10,"adhd,auditory",False
P0514,U064,2024-12-11,ELA,7,"visual_learner,iep,dyslexia",True
P0515,U064,2024-11-28,Spanish,8,"ell,dyslexia,iep",True
P0516,U064,2024-06-25,Music,10,dyslexia,False
P0517,U064,2024-11-03,History,4,"auditory,ell",False
P0518,U064,2024-12-08,ELA,6,iep,False
P0519,U064,2025-01-26,History,3,"gifted,iep",False
P0520,U064,2024-10-14,ELA,11,"ell,iep,auditory",False
P0521,U065,2024-07-05,Spanish,9,"auditory,dyslexia",False
P0522,U065,2025-02-04,Music,12,"visual_learner,iep",True
P0523,U065,2024-11-18,Math,10,visual_learner,True
P0524,U065,2024-07-28,Art,2,"visual_learner,dyslexia",False
P0525,U065,2024-08-19,Math,5,"kinesthetic,visual_learner,iep",False
P0526,U065,2025-02-18,Music,3,iep,False
P0527,U065,2024-05-31,Music,6,"dyslexia,iep",True
P0528,U065,2024-09-12,Spanish,3,dyslexia,False
P0529,U065,2025-02-10,History,12,"gifted,ell,kinesthetic",True
P0530,U065,2024-06-14,ELA,11,adhd,False
P0531,U065,2024-12-12,Art,2,"ell,iep",False
P0532,U068,2024-09-08,ELA,K,"ell,kinesthetic",False
P0533,U069,2024-10-23,PE,1,"dyslexia,iep",True
P0534,U069,2024-08-24,Science,12,"ell,gifted,iep",False
P0535,U069,2024-07-08,History,3,"dyslexia,ell",False
P0536,U069,2024-09-10,Spanish,8,"visual_learner,kinesthetic,dyslexia",True
P0537,U069,2024-09-22,History,K,"dyslexia,gifted,visual_learner",False
P0538,U069,2025-02-22,Art,K,"dyslexia,iep,auditory",False
P0539,U069,2024-06-13,History,5,"adhd,visual_learner",True
P0540,U069,2025-02-21,Math,10,"adhd,kinesthetic,dyslexia",False
P0541,U069,2024-09-08,Music,1,"gifted,iep,dyslexia",False
P0542,U069,2024-12-30,Science,11,"ell,visual_learner,gifted",False
P0543,U069,2024-06-10,Science,K,ell,False
P0544,U069,2025-03-03,History,4,auditory,False
P0545,U069,2024-12-15,PE,K,"auditory,dyslexia",True
P0546,U069,2024-05-25,Science,12,"visual_learner,dyslexia,kinesthetic",False
P0547,U069,2025-02-03,Art,12,iep,False
P0548,U069,2024-10-13,Music,6,"visual_learner,gifted",True
P0549,U069,2024-09-11,Music,12,iep,False
P0550,U069,2024-08-03,PE,K,"ell,visual_learner",True
P0551,U069,2025-03-11,Music,8,"adhd,ell,kinesthetic",False
P0552,U069,2024-11-14,Music,10,ell,True
P0553,U071,2024-06-10,Science,2,visual_learner,False
P0554,U071,2024-11-09,Science,4,"adhd,ell",True
P0555,U071,2024-11-25,PE,5,"ell,dyslexia",False
P0556,U071,2024-03-24,Science,3,"dyslexia,gifted",False
P0557,U071,2024-07-07,ELA,9,"dyslexia,auditory,ell",False
P0558,U071,2024-04-28,PE,3,gifted,False
P0559,U071,2024-09-12,PE,2,"dyslexia,gifted",False
P0560,U071,2024-08-03,Spanish,8,"adhd,kinesthetic",False
P0561,U073,2025-06-17,History,4,adhd,False
P0562,U073,2025-02-03,Math,9,"auditory,kinesthetic,iep",True
P0563,U073,2025-02-12,Art,8,"kinesthetic,dyslexia,adhd",False
P0564,U075,2025-03-28,Spanish,8,adhd,False
P0565,U075,2025-07-15,History,12,ell,False
P0566,U075,2025-01-10,ELA,2,"ell,dyslexia",False
P0567,U075,2025-05-02,History,12,kinesthetic,True
P0568,U075,2025-03-15,History,K,"gifted,iep",False
P0569,U075,2025-05-03,Spanish,7,"visual_learner,kinesthetic",False
P0570,U075,2025-04-14,Art,11,iep,False
P0571,U075,2025-08-18,Music,10,auditory,False
P0572,U077,2025-09-06,Music,3,"auditory,ell",False
P0573,U077,2025-06-10,Spanish,9,"visual_learner,iep",False
P0574,U077,2025-07-29,History,1,iep,True
P0575,U080,2024-04-16,Science,10,"gifted,kinesthetic",False
P0576,U080,2024-03-25,Spanish,7,"gifted,iep",True
P0577,U080,2024-08-24,History,K,ell,False
P0578,U080,2024-04-18,Math,9,ell,True
P0579,U080,2024-06-07,Music,9,visual_learner,False
P0580,U080,2024-06-20,History,7,kinesthetic,False
P0581,U081,2025-06-17,ELA,12,"ell,iep",False
P0582,U081,2025-07-10,PE,7,adhd,True
P0583,U081,2025-09-10,Science,K,gifted,False
P0584,U081,2025-11-10,Music,2,"adhd,kinesthetic,gifted",False
P0585,U081,2025-03-16,Science,1,"kinesthetic,dyslexia,adhd",False
P0586,U081,2025-11-28,Music,8,auditory,False
P0587,U082,2025-11-11,History,12,"kinesthetic,auditory",False
P0588,U082,2025-08-11,Science,6,"ell,kinesthetic,gifted",False
P0589,U083,2024-09-29,Music,4,"gifted,visual_learner,dyslexia",False
P0590,U083,2024-05-10,Science,8,"visual_learner,gifted,dyslexia",True
P0591,U083,2024-10-15,PE,1,"ell,gifted",False
P0592,U085,2024-12-16,Music,9,"dyslexia,iep,ell",False
P0593,U085,2025-02-24,Music,8,kinesthetic,True
P0594,U085,2025-05-18,Spanish,4,"iep,kinesthetic,ell",False
P0595,U085,2025-02-24,ELA,10,"adhd,dyslexia,kinesthetic",False
P0596,U085,2024-10-26,History,8,auditory,False
P0597,U085,2025-05-13,Math,2,"auditory,dyslexia,visual_learner",False
P0598,U085,2024-10-18,Music,1,"adhd,ell",True
P0599,U085,2024-09-14,Math,11,"auditory,gifted,iep",False
P0600,U085,2024-12-29,Math,12,"ell,dyslexia,gifted",False
P0601,U086,2025-08-26,History,K,"gifted,iep",True
P0602,U086,2024-12-22,History,10,"visual_learner,adhd",True
P0603,U086,2025-04-24,PE,10,"auditory,gifted",False
P0604,U086,2025-08-26,Science,1,iep,False
P0605,U086,2025-09-16,PE,5,"iep,adhd,kinesthetic",False
P0606,U086,2025-07-24,Math,4,"ell,gifted",False
P0607,U086,2025-09-16,Art,5,adhd,False
P0608,U087,2024-10-20,Art,11,"kinesthetic,gifted,iep",False
P0609,U087,2024-05-22,Spanish,10,"kinesthetic,iep",False
P0610,U087,2024-09-21,Art,1,auditory,False
P0611,U087,2024-05-10,History,12,"dyslexia,gifted,ell",False
P0612,U087,2024-01-23,Art,3,"iep,visual_learner,gifted",False
P0613,U087,2024-07-12,ELA,7,dyslexia,False
P0614,U087,2024-11-07,ELA,11,"gifted,kinesthetic",False
P0615,U087,2024-05-18,History,4,"gifted,adhd,auditory",False
P0616,U087,2024-07-19,Science,1,adhd,False
P0617,U088,2024-05-27,Math,7,"dyslexia,iep,ell",False
P0618,U088,2025-03-14,Spanish,2,"iep,gifted",True
P0619,U088,2025-03-15,Math,8,auditory,False
P0620,U088,2025-02-24,PE,6,ell,False
P0621,U088,2024-07-24,Spanish,5,"visual_learner,kinesthetic,dyslexia",True
P0622,U088,2025-03-17,PE,5,iep,True
P0623,U088,2024-10-05,Art,7,dyslexia,False
P0624,U088,2025-02-03,History,6,"dyslexia,ell",False
P0625,U088,2024-10-14,ELA,9,"ell,iep",False
P0626,U088,2024-07-14,Art,12,"gifted,iep,kinesthetic",False
P0627,U088,2024-09-01,ELA,7,visual_learner,True
P0628,U088,2025-02-03,PE,12,kinesthetic,True
P0629,U088,2025-03-07,Math,6,"adhd,dyslexia,kinesthetic",True
P0630,U088,2024-10-01,Science,7,"dyslexia,ell",False
P0631,U088,2025-03-06,Art,5,"visual_learner,gifted,kinesthetic",False
P0632,U088,2024-09-02,ELA,12,"iep,ell,auditory",False
P0633,U089,2025-01-31,Music,9,iep,False
P0634,U089,2024-08-30,PE,6,auditory,False
P0635,U089,2024-07-23,ELA,5,gifted,True
P0636,U089,2024-11-13,Art,9,"auditory,ell,gifted",False
P0637,U089,2024-12-19,Spanish,6,"ell,adhd,visual_learner",True
P0638,U089,2024-10-15,Art,11,"adhd,kinesthetic,auditory",False
P0639,U089,2024-08-04,Spanish,8,visual_learner,True
P0640,U089,2025-01-06,Science,1,"iep,kinesthetic,adhd",True
P0641,U089,2025-01-02,History,3,"iep,gifted",False
P0642,U089,2024-08-23,ELA,K,"visual_learner,dyslexia,ell",False
P0643,U089,2024-11-30,Spanish,8,"iep,kinesthetic",False
P0644,U089,2025-03-20,Spanish,10,auditory,False
P0645,U089,2025-03-17,PE,7,"gifted,auditory",True
P0646,U089,2024-11-21,Music,4,"ell,kinesthetic",True
P0647,U089,2025-03-11,PE,4,kinesthetic,False
P0648,U089,2025-02-23,Art,K,"auditory,kinesthetic",True
P0649,U090,2024-04-21,PE,3,"auditory,iep,gifted",False
P0650,U090,2024-07-10,Music,6,"gifted,ell,visual_learner",False
P0651,U090,2024-08-18,Art,4,"iep,gifted,adhd",False
P0652,U090,2024-07-20,Art,1,kinesthetic,False
P0653,U090,2024-09-04,Spanish,3,"dyslexia,visual_learner,adhd",True
P0654,U090,2025-01-16,ELA,1,iep,True
P0655,U090,2024-11-28,Math,3,"adhd,kinesthetic,visual_learner",False
P0656,U090,2024-10-10,Art,12,"kinesthetic,ell",False
P0657,U091,2025-08-15,ELA,K,iep,False
P0658,U091,2025-04-04,Spanish,2,"gifted,auditory,ell",False
P0659,U092,2024-06-12,History,6,"kinesthetic,adhd,dyslexia",False
P0660,U093,2025-07-21,Science,8,"gifted,kinesthetic,auditory",False
P0661,U093,2025-05-06,ELA,10,"visual_learner,dyslexia",False
P0662,U093,2025-08-21,Art,7,iep,True
P0663,U093,2024-12-24,History,1,"gifted,dyslexia,kinesthetic",True
P0664,U093,2025-02-21,Science,6,"gifted,visual_learner",False
P0665,U093,2025-09-21,Spanish,11,"ell,kinesthetic,visual_learner",True
P0666,U093,2025-08-10,PE,12,visual_learner,True
P0667,U094,2025-06-23,ELA,7,gifted,True
P0668,U094,2025-07-04,PE,12,"kinesthetic,dyslexia,adhd",True
P0669,U094,2025-04-03,ELA,4,"visual_learner,gifted",False
P0670,U094,2025-07-05,Spanish,3,"ell,iep",True
P0671,U094,2025-05-19,ELA,1,"ell,gifted",True
P0672,U095,2024-12-18,Spanish,K,"auditory,dyslexia",True
P0673,U095,2024-03-25,PE,12,"gifted,ell,dyslexia",True
P0674,U095,2024-12-16,History,8,"kinesthetic,auditory",False
P0675,U095,2024-08-07,Music,10,"dyslexia,visual_learner",True
P0676,U095,2024-04-19,ELA,2,visual_learner,True
P0677,U095,2024-11-19,Science,K,auditory,False
P0678,U095,2024-12-10,Art,K,"dyslexia,adhd,iep",False
P0679,U095,2024-03-22,Spanish,1,kinesthetic,False
P0680,U095,2024-04-16,Music,5,"visual_learner,auditory",False
P0681,U096,2024-04-23,Science,4,"adhd,kinesthetic,iep",True
P0682,U096,2024-07-30,Music,3,"gifted,iep,dyslexia",True
P0683,U096,2024-07-03,Music,11,"adhd,auditory,dyslexia",False
P0684,U096,2024-11-23,Music,1,"ell,auditory,adhd",False
P0685,U096,2024-12-17,ELA,8,"kinesthetic,ell",False
P0686,U096,2025-01-09,PE,6,"auditory,kinesthetic",False
P0687,U096,2024-08-04,History,6,"iep,ell,gifted",False
P0688,U096,2024-10-23,Math,4,visual_learner,False
P0689,U096,2024-09-04,Art,3,gifted,False
P0690,U096,2024-04-14,Art,8,"ell,visual_learner,auditory",False
P0691,U096,2024-06-21,Art,5,gifted,True
P0692,U096,2024-09-03,Music,9,gifted,False
P0693,U096,2024-09-16,ELA,7,"adhd,iep",False
P0694,U096,2024-04-22,Music,1,"visual_learner,auditory,ell",True
P0695,U096,2024-11-11,Science,12,"gifted,dyslexia",False
P0696,U096,2024-04-08,Music,K,"iep,kinesthetic,visual_learner",True
P0697,U096,2025-01-17,PE,8,gifted,True
P0698,U097,2025-01-24,Science,3,"auditory,ell,gifted",True
P0699,U097,2024-11-29,Spanish,9,visual_learner,False
P0700,U097,2024-10-22,Music,8,auditory,False
P0701,U097,2024-08-15,Spanish,8,gifted,False
P0702,U097,2025-03-29,History,3,adhd,True
P0703,U097,2025-01-16,Science,1,"auditory,gifted",False
P0704,U097,2024-09-15,PE,9,"visual_learner,auditory",True
P0705,U097,2024-12-06,Spanish,9,"ell,gifted,visual_learner",False
P0706,U097,2024-10-07,PE,2,adhd,True
P0707,U097,2024-07-07,ELA,4,visual_learner,True
P0708,U097,2024-08-05,Spanish,7,"visual_learner,ell",True
P0709,U097,2025-03-12,History,8,iep,False
P0710,U097,2024-08-21,Math,6,"visual_learner,ell,adhd",True
P0711,U098,2024-11-05,Spanish,10,visual_learner,True
P0712,U098,2024-11-05,PE,1,"visual_learner,ell,dyslexia",False
P0713,U098,2024-12-31,Science,5,"kinesthetic,auditory,iep",False
P0714,U098,2024-09-23,Spanish,8,visual_learner,True
P0715,U098,2025-03-18,PE,7,"auditory,dyslexia",True
P0716,U098,2024-12-14,PE,5,"iep,adhd,kinesthetic",True
P0717,U098,2024-07-21,Art,6,"visual_learner,iep,ell",True
P0718,U100,2024-09-11,ELA,1,"auditory,iep,dyslexia",False
P0719,U100,2024-06-18,History,9,"ell,gifted",False
P0720,U100,2024-08-09,ELA,3,"ell,iep",False
P0721,U100,2024-06-05,Art,11,ell,False
P0722,U100,2024-05-07,ELA,5,"adhd,iep,auditory",False
P0723,U100,2024-04-23,PE,2,visual_learner,False
P0724,U100,2024-09-21,Art,7,"iep,adhd",False
P0725,U100,2024-04-17,ELA,K,iep,False
P0726,U100,2024-06-20,History,3,"visual_learner,ell,kinesthetic",False
P0727,U100,2024-10-24,Spanish,11,dyslexia,True
P0728,U100,2024-09-08,Spanish,2,"ell,adhd",True
P0729,U102,2025-02-23,Music,3,"gifted,auditory",True
P0730,U102,2025-05-17,Spanish,11,"dyslexia,auditory",False
P0731,U102,2025-06-22,Music,12,"visual_learner,iep",False
P0732,U102,2025-08-29,PE,6,"visual_learner,iep,kinesthetic",False
P0733,U102,2025-03-09,Music,11,visual_learner,False
P0734,U102,2025-11-07,Math,3,"iep,gifted,auditory",False
P0735,U102,2025-07-12,ELA,6,"iep,kinesthetic",False
P0736,U102,2025-11-07,Spanish,10,kinesthetic,True
P0737,U102,2025-10-30,ELA,12,ell,False
P0738,U102,2025-07-31,Math,2,"kinesthetic,iep",False
P0739,U102,2025-05-30,Science,4,"dyslexia,kinesthetic",False
P0740,U102,2025-05-10,Science,1,"adhd,dyslexia,gifted",False
P0741,U102,2025-03-31,Music,11,"ell,gifted,iep",False
P0742,U102,2025-05-14,ELA,2,"ell,adhd",False
P0743,U104,2025-07-01,Art,11,"kinesthetic,ell",False
P0744,U104,2025-01-28,History,K,iep,True
P0745,U105,2025-01-25,Math,9,"kinesthetic,adhd,auditory",False
P0746,U105,2025-01-13,Music,7,"adhd,iep",False
P0747,U105,2024-09-17,Art,9,"gifted,visual_learner,adhd",True
P0748,U105,2024-11-09,ELA,K,iep,True
P0749,U105,2024-06-28,Science,6,ell,True
P0750,U105,2024-10-07,ELA,7,"dyslexia,visual_learner,auditory",False
P0751,U105,2024-10-27,Music,1,"auditory,kinesthetic",False
P0752,U105,2024-10-11,ELA,1,"iep,ell",False
P0753,U105,2025-02-07,History,9,visual_learner,True
P0754,U105,2025-02-09,Spanish,11,iep,False
P0755,U105,2024-10-24,PE,2,"kinesthetic,iep",False
P0756,U105,2025-01-24,ELA,9,"gifted,dyslexia",True
P0757,U105,2024-08-22,Science,K,kinesthetic,False
P0758,U105,2024-07-14,History,12,"auditory,gifted,visual_learner",True
P0759,U105,2025-02-25,History,K,"gifted,dyslexia,ell",True
P0760,U105,2024-06-18,Art,8,"dyslexia,auditory",True
P0761,U107,2025-02-18,Math,2,"gifted,ell",False
P0762,U107,2025-04-30,Math,10,"ell,gifted",True
P0763,U107,2025-04-20,PE,7,"auditory,dyslexia,visual_learner",False
P0764,U107,2025-01-28,PE,8,"visual_learner,adhd,iep",False
P0765,U107,2025-02-25,ELA,4,visual_learner,True
P0766,U107,2025-03-08,ELA,9,"auditory,adhd,iep",True
P0767,U107,2025-02-01,PE,11,"visual_learner,ell,gifted",True
P0768,U107,2024-12-27,Spanish,4,"gifted,iep",True
P0769,U107,2024-10-24,Math,12,"gifted,visual_learner",False
P0770,U107,2024-09-09,ELA,3,"dyslexia,gifted",False
P0771,U107,2025-05-23,PE,2,"adhd,auditory",False
P0772,U109,2025-01-18,Math,7,auditory,False
P0773,U109,2025-08-06,Math,4,visual_learner,False
P0774,U109,2024-12-26,Spanish,K,"adhd,iep",False
P0775,U109,2025-04-20,Art,10,gifted,True
P0776,U109,2025-02-18,Art,8,"dyslexia,auditory",False
P0777,U109,2025-01-11,ELA,2,"iep,visual_learner",True
P0778,U109,2025-08-25,Science,3,"dyslexia,iep,ell",True
P0779,U109,2025-04-06,History,2,"adhd,ell,iep",False
P0780,U109,2025-08-15,Math,2,"visual_learner,gifted",False
P0781,U109,2024-12-07,Music,K,adhd,False
P0782,U109,2025-02-11,Spanish,9,"dyslexia,ell,auditory",False
P0783,U109,2025-08-12,Spanish,9,ell,True
P0784,U109,2025-07-09,Spanish,4,kinesthetic,False
P0785,U109,2025-03-06,Art,5,auditory,True
P0786,U109,2025-04-30,Spanish,7,"visual_learner,kinesthetic",False
P0787,U109,2025-05-10,Spanish,2,"iep,auditory",True
P0788,U109,2025-09-02,Science,6,adhd,True
P0789,U113,2025-07-16,Spanish,6,"auditory,adhd,iep",True
P0790,U113,2025-05-04,Music,1,"dyslexia,adhd",False
P0791,U113,2025-09-20,PE,8,"gifted,adhd",False
P0792,U114,2025-10-24,Science,9,"kinesthetic,ell",False
P0793,U114,2025-08-19,Art,6,adhd,False
P0794,U114,2025-07-17,Spanish,10,"visual_learner,kinesthetic",True
P0795,U115,2024-12-07,Math,12,"ell,dyslexia,adhd",False
P0796,U115,2024-07-12,Spanish,3,"gifted,dyslexia",False
P0797,U115,2024-07-16,Art,6,"dyslexia,visual_learner,iep",True
P0798,U115,2024-11-01,ELA,4,"visual_learner,ell",False
P0799,U115,2024-03-12,PE,1,iep,False
P0800,U116,2024-12-02,Music,10,"dyslexia,kinesthetic,gifted",False
P0801,U116,2024-12-03,History,10,"ell,gifted,adhd",True
P0802,U116,2024-11-07,Music,2,"iep,auditory",False
P0803,U116,2024-07-02,Science,10,visual_learner,True
P0804,U116,2024-12-30,Music,2,"adhd,kinesthetic,dyslexia",False
P0805,U116,2024-12-14,Music,9,"ell,gifted,iep",False
P0806,U116,2024-12-11,PE,3,"ell,gifted",False
P0807,U116,2025-02-14,History,11,"iep,gifted",False
P0808,U117,2024-08-12,Math,9,kinesthetic,False
P0809,U117,2024-04-04,Spanish,11,"adhd,kinesthetic,dyslexia",False
P0810,U117,2024-06-29,Science,8,"adhd,kinesthetic",False
P0811,U117,2024-03-17,Art,9,"visual_learner,ell,iep",False
P0812,U117,2024-10-04,Spanish,9,"dyslexia,gifted",False
P0813,U117,2024-07-06,ELA,K,"iep,dyslexia",False
P0814,U117,2024-06-19,Spanish,9,ell,False
P0815,U117,2024-07-05,Math,4,"kinesthetic,visual_learner,adhd",False
P0816,U117,2024-06-28,ELA,9,"iep,ell",False
P0817,U117,2024-02-14,Science,9,"ell,iep,dyslexia",True
P0818,U117,2024-09-22,ELA,4,"gifted,kinesthetic",True
P0819,U117,2024-11-03,PE,1,ell,False
P0820,U117,2024-04-25,Music,12,"auditory,adhd",False
P0821,U117,2024-05-02,PE,K,iep,False
P0822,U117,2024-04-06,ELA,7,auditory,False
P0823,U117,2024-10-07,History,6,"auditory,gifted,ell",True
P0824,U117,2024-09-16,Art,12,kinesthetic,False
P0825,U117,2024-07-17,Math,1,"dyslexia,auditory,gifted",False
P0826,U117,2024-06-25,Art,4,"adhd,ell",False
P0827,U118,2025-08-29,History,11,"gifted,iep,ell",False
P0828,U118,2025-04-07,Math,10,"visual_learner,auditory",True
P0829,U118,2025-08-03,Science,10,kinesthetic,False
P0830,U118,2025-05-30,History,K,"visual_learner,iep",True
P0831,U118,2025-04-26,Science,11,"adhd,visual_learner,iep",True
P0832,U118,2025-10-21,Science,11,ell,True
P0833,U118,2025-09-01,Science,10,"kinesthetic,ell,gifted",False
P0834,U118,2025-06-19,ELA,12,"adhd,ell",False
P0835,U118,2025-07-19,PE,K,"iep,auditory",True
P0836,U118,2025-08-18,Spanish,3,auditory,True
P0837,U118,2025-09-13,ELA,8,auditory,True
P0838,U118,2025-02-28,Art,1,"visual_learner,kinesthetic",True
P0839,U118,2025-05-13,Math,7,"ell,dyslexia",False
P0840,U119,2025-01-20,ELA,11,"dyslexia,gifted",False
P0841,U119,2025-03-25,Spanish,7,"auditory,gifted,dyslexia",False
P0842,U120,2025-05-16,Math,6,kinesthetic,True
P0843,U120,2025-05-14,PE,10,"iep,gifted",True
P0844,U120,2024-09-28,PE,1,"kinesthetic,auditory",False
P0845,U121,2024-07-25,Math,6,"gifted,ell,dyslexia",False
P0846,U121,2024-06-19,PE,7,"adhd,dyslexia,gifted",False
P0847,U121,2024-07-06,History,K,gifted,False
P0848,U121,2024-05-28,Art,7,"kinesthetic,visual_learner,auditory",True
P0849,U121,2024-10-15,Math,6,"adhd,kinesthetic,dyslexia",False
P0850,U121,2024-12-16,ELA,11,"gifted,visual_learner,auditory",False
P0851,U121,2025-01-01,Math,7,"visual_learner,adhd,dyslexia",False
P0852,U122,2024-09-29,Math,4,"adhd,gifted,iep",True
P0853,U124,2024-12-01,Science,7,gifted,True
P0854,U124,2025-02-10,PE,12,"auditory,ell",True
P0855,U124,2025-08-20,ELA,5,"gifted,auditory,visual_learner",False
P0856,U124,2025-04-19,Science,4,ell,False
P0857,U124,2025-01-24,PE,8,"ell,gifted,adhd",False
P0858,U124,2024-11-19,Science,12,auditory,False
P0859,U124,2024-11-07,Science,K,"visual_learner,adhd",False
P0860,U124,2025-03-24,Spanish,11,"ell,adhd",True
P0861,U124,2025-03-17,Spanish,6,"gifted,adhd,iep",False
P0862,U124,2025-01-30,Spanish,9,"adhd,dyslexia,ell",True
P0863,U124,2024-11-01,History,3,"adhd,iep,visual_learner",False
P0864,U124,2025-08-02,History,7,"gifted,ell,visual_learner",True
P0865,U124,2025-01-14,Spanish,7,"ell,adhd,dyslexia",False
P0866,U124,2024-11-26,PE,4,"gifted,kinesthetic,ell",True
P0867,U124,2025-06-19,Science,11,visual_learner,False
P0868,U124,2025-01-28,Math,7,adhd,True
P0869,U124,2025-02-27,Spanish,9,"dyslexia,gifted,adhd",False
P0870,U124,2025-04-14,Science,5,gifted,True
P0871,U124,2025-05-29,Music,3,adhd,False
P0872,U125,2024-09-24,ELA,3,"kinesthetic,adhd",False
P0873,U125,2024-11-05,History,10,"dyslexia,ell",True
P0874,U125,2024-11-01,Math,4,ell,True
P0875,U125,2025-04-23,Music,2,"dyslexia,adhd",False
P0876,U125,2024-11-16,ELA,9,"gifted,visual_learner,kinesthetic",False
P0877,U125,2025-05-05,Spanish,7,iep,True
P0878,U125,2025-04-04,History,3,"dyslexia,gifted,iep",True
P0879,U125,2024-11-12,Math,6,"visual_learner,kinesthetic,gifted",False
P0880,U125,2025-05-13,Music,8,auditory,False
P0881,U125,2024-10-17,Spanish,3,"adhd,iep",False
P0882,U125,2025-03-24,ELA,5,iep,True
P0883,U125,2024-10-13,Spanish,10,iep,True
P0884,U125,2025-04-20,Math,7,"kinesthetic,auditory,adhd",False
P0885,U125,2025-03-23,PE,10,kinesthetic,False
P0886,U125,2024-08-28,Science,6,"dyslexia,iep,visual_learner",True
P0887,U125,2025-01-13,History,12,"adhd,iep,ell",False
P0888,U126,2025-03-20,PE,K,"adhd,gifted,ell",False
P0889,U126,2024-07-20,PE,2,"adhd,iep",False
P0890,U127,2024-10-13,History,8,"adhd,dyslexia",False
P0891,U127,2025-05-28,History,12,"gifted,ell,auditory",False
P0892,U127,2025-04-18,Music,4,"visual_learner,kinesthetic,ell",True
P0893,U127,2025-04-09,Science,7,"iep,gifted,kinesthetic",False
P0894,U127,2024-09-06,Spanish,1,adhd,False
P0895,U127,2024-11-03,Science,1,"ell,kinesthetic",True
P0896,U127,2024-10-18,ELA,3,"visual_learner,ell",False
P0897,U130,2024-07-12,PE,6,"kinesthetic,dyslexia",False
P0898,U130,2024-10-02,Science,K,gifted,False
P0899,U130,2025-01-27,PE,6,"dyslexia,kinesthetic,auditory",False
P0900,U130,2025-01-09,Spanish,7,"iep,kinesthetic,adhd",False
P0901,U130,2024-10-09,Art,3,kinesthetic,False
P0902,U130,2024-09-30,ELA,5,iep,False
P0903,U130,2024-07-30,ELA,11,"iep,adhd,auditory",False
P0904,U130,2024-07-23,History,1,visual_learner,False
P0905,U130,2025-02-24,Spanish,4,dyslexia,True
P0906,U130,2025-02-17,Math,10,"dyslexia,ell,adhd",False
P0907,U130,2025-02-06,Art,1,visual_learner,False
P0908,U130,2025-01-16,Spanish,5,ell,True
P0909,U130,2025-02-09,PE,10,"iep,gifted,ell",False
P0910,U130,2025-02-23,ELA,12,"kinesthetic,ell,dyslexia",True
P0911,U130,2025-01-06,ELA,10,adhd,True
P0912,U130,2024-11-27,History,7,"dyslexia,visual_learner,ell",True
P0913,U130,2024-08-13,History,12,"iep,adhd,visual_learner",True
P0914,U130,2024-12-20,Science,8,"auditory,adhd,gifted",True
P0915,U131,2025-05-27,PE,6,ell,False
P0916,U131,2025-04-14,Music,5,"visual_learner,ell",True
P0917,U131,2025-02-12,Science,3,"kinesthetic,dyslexia",False
P0918,U131,2025-04-22,ELA,12,"auditory,dyslexia",False
P0919,U131,2024-11-18,Science,2,"gifted,ell,kinesthetic",False
P0920,U131,2025-06-03,Science,9,"auditory,visual_learner",True
P0921,U131,2025-01-25,ELA,8,"kinesthetic,dyslexia",False
P0922,U131,2024-11-17,ELA,6,iep,False
P0923,U131,2024-09-29,Art,7,"kinesthetic,adhd",True
P0924,U131,2024-09-09,Art,4,kinesthetic,True
P0925,U131,2025-02-02,ELA,7,"gifted,visual_learner",True
P0926,U131,2025-01-27,Science,9,"dyslexia,iep",False
P0927,U131,2025-04-19,Spanish,11,"adhd,ell",False
P0928,U131,2025-06-29,Art,2,visual_learner,True
P0929,U131,2025-05-02,ELA,5,"ell,visual_learner,kinesthetic",False
P0930,U131,2025-03-09,Art,4,adhd,False
P0931,U131,2024-12-10,ELA,8,dyslexia,False
P0932,U131,2025-02-09,PE,1,"dyslexia,auditory",True
P0933,U131,2024-11-17,Art,5,"kinesthetic,gifted,ell",False
P0934,U131,2024-11-30,History,2,gifted,False
P0935,U133,2025-10-25,Science,6,"kinesthetic,visual_learner,auditory",False
P0936,U133,2025-02-06,PE,4,"dyslexia,adhd",False
P0937,U133,2025-10-23,ELA,11,"iep,visual_learner",False
P0938,U133,2025-03-30,ELA,11,ell,False
P0939,U133,2025-07-05,History,2,adhd,False
P0940,U133,2025-03-27,Math,12,kinesthetic,False
P0941,U133,2025-02-19,Science,K,visual_learner,False
P0942,U133,2025-06-07,Science,4,visual_learner,False
P0943,U133,2025-04-02,History,9,"gifted,adhd,dyslexia",False
P0944,U133,2025-03-16,Art,9,dyslexia,False
P0945,U133,2025-10-12,History,8,"adhd,visual_learner,iep",False
P0946,U133,2025-10-26,History,4,ell,False
P0947,U133,2025-10-31,Science,3,kinesthetic,False
P0948,U133,2025-05-03,Science,2,"dyslexia,gifted",False
P0949,U133,2025-10-19,Music,1,dyslexia,True
P0950,U133,2025-03-26,ELA,7,"dyslexia,kinesthetic,ell",False
P0951,U133,2025-02-18,PE,7,adhd,False
P0952,U133,2025-09-19,Art,10,"kinesthetic,adhd,iep",False
P0953,U134,2025-01-31,Spanish,10,dyslexia,True
P0954,U134,2025-07-05,Science,6,"kinesthetic,iep,dyslexia",False
P0955,U134,2024-12-27,Music,6,adhd,False
P0956,U134,2025-01-21,PE,3,dyslexia,True
P0957,U134,2025-05-21,History,6,kinesthetic,True
P0958,U134,2025-08-20,Art,12,"auditory,ell,gifted",False
P0959,U134,2025-05-22,Art,2,"kinesthetic,visual_learner",True
P0960,U134,2025-07-04,History,10,"ell,visual_learner",True
P0961,U134,2024-11-23,Spanish,10,visual_learner,False
P0962,U134,2025-05-10,PE,2,"iep,kinesthetic,auditory",True
P0963,U134,2024-12-05,Spanish,12,"kinesthetic,adhd,ell",False
P0964,U134,2025-07-05,Art,8,"dyslexia,auditory,iep",False
P0965,U134,2024-11-12,Science,6,"kinesthetic,ell",False
P0966,U134,2025-06-10,Math,K,"ell,iep",False
P0967,U135,2024-10-14,Music,2,"iep,dyslexia",False
P0968,U135,2024-09-16,Spanish,10,"kinesthetic,gifted,iep",False
P0969,U135,2025-04-07,Music,4,kinesthetic,False
P0970,U135,2025-01-31,PE,12,"iep,ell,visual_learner",True
P0971,U135,2024-08-14,PE,5,visual_learner,False
P0972,U135,2025-01-12,Science,6,"dyslexia,ell",False
P0973,U135,2024-08-19,History,3,"gifted,dyslexia,ell",False
P0974,U135,2024-08-24,Science,5,"ell,visual_learner",False
P0975,U135,2024-08-10,Music,9,"auditory,ell",True
P0976,U135,2025-03-19,Math,5,"auditory,iep,gifted",True
P0977,U136,2025-08-05,History,5,kinesthetic,False
P0978,U136,2025-05-20,Art,5,auditory,True
P0979,U136,2025-01-05,History,4,"iep,visual_learner,ell",False
P0980,U136,2025-06-21,Science,11,adhd,False
P0981,U138,2024-03-02,Spanish,6,"gifted,ell,visual_learner",False
P0982,U138,2024-06-30,Art,6,"dyslexia,adhd,gifted",False
P0983,U138,2024-10-17,ELA,K,"ell,iep",False
P0984,U138,2024-09-23,Music,9,"visual_learner,iep",True
P0985,U138,2024-09-20,History,2,iep,False
P0986,U138,2024-08-25,Science,10,"gifted,auditory",False
P0987,U138,2024-06-22,ELA,4,"gifted,kinesthetic,adhd",True
P0988,U138,2024-05-05,History,12,iep,False
P0989,U138,2024-11-09,Music,10,"visual_learner,adhd",True
